contestID,problemID,problemRating
413,B,0
324,A1,0
48,A,499
467,A,648
581,A,662
509,A,671
231,A,699
510,A,703
263,A,712
266,A,732
617,A,745
200,B,760
427,A,762
344,A,763
431,A,770
255,A,774
281,A,777
405,A,789
61,A,803
268,A,806
454,A,808
228,A,812
546,A,815
46,A,815
265,A,816
129,A,823
9,A,825
282,A,826
22,A,831
71,A,833
658,A,834
443,A,835
378,A,835
110,A,835
136,A,836
271,A,839
49,A,862
669,A,863
629,A,865
421,A,866
554,A,867
408,A,867
415,A,867
381,A,871
236,A,871
177,A1,874
47,A,874
155,A,875
262,A,875
116,A,876
84,A,879
59,A,881
361,A,882
426,A,884
591,A,889
181,A,891
92,A,891
38,A,892
540,A,893
624,A,898
177,A2,898
169,A,903
672,A,905
233,A,905
618,A,905
294,A,907
151,A,907
384,A,912
551,A,914
32,A,915
12,A,920
278,A,921
599,A,923
520,A,926
432,A,927
490,A,933
492,A,933
330,A,937
148,A,937
513,A,937
16,A,938
248,A,939
474,A,941
363,A,944
141,A,946
127,A,949
29,A,952
567,A,956
275,A,957
17,A,958
673,A,963
448,A,964
276,A,964
32,B,966
266,B,967
247,A,970
588,A,971
401,A,972
35,A,972
465,A,973
412,A,973
424,A,975
104,A,978
246,A,979
112,A,979
144,A,980
336,A,980
63,A,981
441,A,981
472,A,982
74,A,984
202,A,990
334,A,994
69,A,994
37,A,1000
469,A,1001
451,A,1002
460,A,1003
272,A,1003
447,A,1006
545,A,1006
670,A,1008
133,A,1008
244,A,1008
80,A,1009
10,A,1010
78,A,1013
318,A,1014
214,A,1014
41,A,1016
25,A,1017
501,A,1019
94,A,1020
369,A,1021
13,A,1021
496,A,1023
25,B,1023
23,A,1025
221,A,1027
486,A,1027
373,A,1028
519,A,1028
5,A,1029
14,A,1031
234,B,1031
583,A,1032
3,A,1034
580,A,1035
26,A,1036
313,A,1037
199,A,1037
604,A,1041
194,A,1041
385,A,1045
626,A,1046
34,A,1046
263,B,1046
572,A,1048
168,A,1052
611,A,1055
610,A,1055
146,A,1055
413,A,1056
109,A,1056
58,A,1057
48,B,1059
621,A,1059
265,B,1059
549,A,1060
556,A,1060
552,A,1061
34,B,1061
387,A,1062
259,A,1063
439,A,1064
412,B,1067
165,A,1068
124,A,1068
90,A,1068
359,A,1071
268,B,1072
376,A,1074
160,A,1075
299,A,1075
43,A,1076
46,B,1076
560,A,1077
535,A,1077
68,A,1077
421,B,1080
447,B,1080
379,A,1081
178,A2,1083
178,A1,1083
4,A,1084
579,A,1085
157,B,1087
118,B,1088
337,A,1092
195,A,1093
285,A,1093
331,C1,1095
499,B,1095
90,B,1102
31,A,1103
478,A,1103
322,A,1104
608,A,1105
230,A,1108
465,B,1108
476,A,1111
435,A,1111
215,A,1112
62,A,1113
368,A,1113
205,A,1114
450,A,1114
507,A,1114
177,B1,1115
352,A,1116
152,A,1116
118,A,1116
82,A,1118
137,A,1120
66,B,1121
299,B,1125
653,A,1125
515,A,1126
149,A,1126
208,A,1126
103,A,1128
53,C,1128
96,A,1128
577,A,1130
557,A,1131
672,B,1132
534,A,1132
479,A,1133
586,A,1134
284,B,1135
499,A,1135
631,A,1136
137,B,1137
400,A,1138
122,A,1139
320,A,1140
462,A,1141
355,A,1142
259,B,1142
250,A,1143
132,A,1146
7,A,1147
16,B,1148
584,A,1148
218,B,1149
463,B,1150
482,A,1151
316,A1,1151
242,A,1153
289,A,1153
366,A,1154
270,A,1156
292,A,1158
389,A,1159
667,A,1160
420,A,1161
102,B,1164
224,A,1164
6,A,1164
483,A,1164
461,A,1164
357,A,1165
55,A,1168
651,A,1169
157,A,1169
365,A,1171
427,B,1172
419,A,1172
234,A,1174
300,A,1176
47,B,1176
519,B,1177
225,A,1178
227,B,1178
659,A,1179
43,B,1182
404,A,1184
78,B,1184
500,A,1184
670,B,1185
635,A,1186
669,B,1186
218,A,1187
355,B,1188
63,B,1189
368,B,1189
558,A,1190
514,A,1191
629,B,1191
53,A,1192
143,A,1193
495,A,1193
382,A,1194
596,B,1194
525,A,1194
259,C,1194
556,B,1194
75,A,1195
80,B,1197
219,A,1198
139,A,1200
1,A,1201
618,B,1201
371,A,1202
431,B,1203
33,A,1204
106,B,1204
535,B,1204
110,B,1206
501,B,1206
242,B,1207
196,A,1209
544,A,1211
667,B,1211
56,A,1211
381,B,1214
131,A,1216
287,A,1218
136,B,1218
122,B,1220
433,A,1222
452,A,1222
363,B,1225
488,A,1226
258,A,1226
237,A,1227
285,B,1228
574,A,1229
38,B,1229
327,A,1229
106,A,1230
12,B,1230
296,A,1230
658,B,1232
18,C,1232
402,A,1232
592,B,1233
508,A,1234
570,A,1234
88,A,1234
645,A,1235
365,B,1235
424,B,1235
5,B,1235
467,B,1236
24,A,1237
114,A,1237
527,A,1238
252,A,1238
208,D,1241
651,B,1241
313,B,1242
133,B,1242
169,B,1243
596,A,1244
127,B,1244
253,A,1245
554,B,1247
255,B,1247
327,B,1248
408,B,1250
19,A,1250
180,F,1251
362,B,1252
545,B,1253
6,B,1253
624,B,1253
12,C,1254
387,B,1255
155,B,1255
432,B,1255
173,A,1258
633,A,1259
14,B,1261
104,B,1261
347,B,1261
405,B,1261
583,B,1262
552,B,1263
145,A,1263
456,B,1264
216,A,1264
474,B,1266
379,B,1266
51,A,1266
177,D1,1267
471,A,1267
315,B,1267
569,B,1268
593,A,1268
433,B,1268
456,A,1270
349,A,1270
59,B,1271
492,B,1272
69,B,1272
361,B,1275
439,B,1275
174,A,1276
192,B,1277
285,C,1278
160,B,1278
178,A3,1278
203,A,1278
366,B,1279
466,A,1279
370,A,1282
445,A,1282
606,A,1282
60,A,1283
54,A,1284
401,B,1284
286,A,1285
251,A,1285
332,A,1287
298,B,1289
586,B,1289
2,A,1291
226,A,1291
43,C,1292
389,B,1293
9,C,1294
602,A,1294
254,A,1294
505,A,1295
143,B,1296
238,A,1296
177,B2,1296
649,A,1296
591,B,1297
347,A,1299
246,B,1300
222,A,1300
112,B,1300
519,C,1300
344,B,1300
257,A,1301
472,B,1301
548,A,1301
350,A,1302
655,A,1303
36,A,1304
110,C,1305
194,B,1307
353,A,1307
475,A,1307
298,A,1308
58,B,1308
26,B,1308
41,C,1309
567,B,1311
40,A,1312
195,B,1312
166,A,1313
217,A,1313
239,A,1313
645,B,1314
625,C,1314
340,A,1315
416,B,1315
27,A,1317
292,B,1317
234,C,1318
38,C,1318
581,B,1318
6,C,1320
83,A,1321
489,B,1321
463,A,1323
489,A,1323
107,A,1323
621,B,1323
48,D,1325
186,A,1325
478,B,1325
304,A,1325
115,A,1328
129,B,1329
659,C,1329
197,C,1329
94,B,1331
626,B,1332
438,A,1332
476,B,1333
625,B,1335
469,B,1337
342,A,1338
414,B,1338
289,C,1339
509,B,1340
653,B,1340
330,B,1340
215,B,1341
102,A,1341
92,B,1343
4,B,1344
400,B,1344
70,A,1344
462,C,1344
261,A,1345
508,B,1348
152,B,1348
9,B,1348
277,A,1349
186,B,1349
146,C,1350
189,B,1350
151,B,1350
79,A,1352
648,B,1352
121,A,1352
459,B,1354
116,B,1354
85,A,1355
131,B,1355
378,B,1355
385,B,1355
459,A,1355
262,B,1355
303,A,1355
648,A,1356
146,B,1358
376,B,1358
426,B,1358
352,B,1361
570,B,1361
230,B,1362
144,B,1362
493,A,1363
617,B,1363
60,B,1363
610,B,1365
318,B,1369
331,A1,1371
66,A,1371
34,C,1372
631,B,1372
437,A,1372
18,A,1373
236,B,1376
71,B,1379
133,C,1379
270,B,1380
276,B,1380
370,B,1380
573,A,1382
257,B,1383
633,B,1383
61,B,1384
180,C,1384
430,B,1384
101,A,1385
222,B,1385
56,B,1385
359,B,1386
4,C,1386
161,A,1387
316,A2,1387
24,B,1389
514,B,1389
429,A,1391
221,B,1391
655,B,1391
454,B,1392
181,B,1393
441,B,1394
189,A,1394
27,B,1395
545,D,1395
388,A,1397
176,A,1398
462,B,1400
363,C,1400
279,B,1402
228,B,1402
538,B,1404
357,B,1406
10,B,1407
412,C,1408
576,A,1409
272,B,1410
264,A,1410
22,B,1410
475,B,1410
579,B,1413
17,B,1413
673,B,1414
483,C,1414
413,C,1414
471,B,1414
546,B,1415
253,B,1416
23,B,1418
611,B,1419
117,A,1420
57,A,1421
383,A,1422
288,A,1422
436,B,1423
96,B,1424
558,B,1424
260,A,1424
284,A,1425
79,B,1425
295,A,1427
248,B,1427
273,A,1428
479,B,1428
560,B,1429
41,B,1429
152,C,1430
203,B,1431
516,A,1431
635,B,1431
175,B,1432
607,A,1432
592,A,1433
84,B,1433
279,A,1433
451,B,1434
520,B,1434
136,C,1435
205,B,1435
367,A,1436
42,A,1436
572,B,1437
526,A,1437
30,A,1438
414,A,1438
128,A,1439
326,A,1439
534,B,1440
489,C,1440
197,B,1441
518,B,1441
36,B,1442
550,B,1443
472,C,1443
135,A,1443
371,B,1444
227,A,1446
453,A,1447
304,B,1451
116,C,1454
588,B,1454
102,C,1455
507,B,1457
416,A,1458
587,A,1459
513,B1,1462
289,B,1463
221,C,1464
111,A,1465
445,B,1466
333,A,1466
271,B,1466
670,D1,1467
28,B,1467
670,C,1468
505,B,1468
124,B,1469
584,B,1469
91,B,1470
581,C,1471
282,B,1473
448,B,1473
480,A,1473
167,A,1474
496,B,1476
77,A,1476
175,A,1476
191,A,1477
315,A,1477
401,C,1477
553,A,1478
435,B,1478
46,C,1478
329,A,1479
62,B,1479
669,C,1481
7,B,1482
574,C,1482
262,C,1482
53,D,1482
544,B,1484
265,C,1484
450,B,1484
548,B,1484
468,A,1485
379,C,1485
389,C,1485
91,A,1485
528,A,1488
525,B,1488
650,A,1489
3,C,1489
250,B,1489
415,B,1491
75,B,1491
192,A,1491
203,C,1492
141,B,1494
218,C,1494
515,C,1495
602,B,1495
319,A,1496
437,B,1498
526,B,1501
555,A,1501
614,B,1501
455,A,1501
233,B,1503
186,C,1504
187,A,1504
486,B,1504
521,A,1505
441,C,1505
304,C,1505
490,B,1506
35,C,1507
611,C,1507
510,B,1508
271,C,1508
546,C,1509
369,B,1509
299,C,1510
81,A,1510
324,C1,1511
324,A2,1511
673,C,1511
337,B,1512
362,A,1512
34,D,1513
331,A2,1514
247,B,1515
384,B,1516
493,B,1516
177,C1,1517
651,C,1517
425,A,1518
219,B,1518
16,C,1519
492,C,1519
674,B,1519
313,C,1519
178,D1,1520
1,B,1521
28,A,1521
358,A,1523
608,B,1523
240,C,1523
443,B,1524
288,B,1524
87,A,1527
580,B,1527
648,C,1528
22,C,1528
55,B,1529
29,B,1529
40,B,1530
178,C1,1531
254,B,1531
166,C,1531
403,A,1531
31,B,1532
31,C,1532
325,A,1532
316,E1,1533
240,A,1534
634,A,1536
122,C,1536
278,B,1536
237,B,1536
278,C,1537
177,D2,1537
320,B,1538
274,A,1538
112,C,1539
402,B,1539
659,B,1539
406,A,1541
659,D,1541
18,B,1541
515,B,1541
268,C,1542
545,C,1542
88,C,1544
460,B,1544
556,C,1547
177,C2,1548
341,B,1549
276,C,1549
329,B,1551
57,B,1552
131,C,1552
402,C,1552
49,B,1553
74,B,1553
3,B,1553
73,A,1553
165,B,1554
197,A,1554
346,A,1555
368,C,1556
148,B,1557
479,C,1558
570,C,1559
227,C,1560
574,B,1560
14,C,1561
343,A,1561
250,C,1562
332,B,1562
137,C,1562
577,C,1563
550,C,1563
300,B,1563
444,A,1564
178,B1,1564
181,C,1565
588,C,1568
314,A,1569
282,C,1569
330,C,1570
103,B,1570
417,B,1571
350,B,1572
316,B1,1574
404,B,1575
71,C,1575
559,A,1576
68,B,1576
220,A,1576
235,A,1576
293,A,1577
149,C,1577
580,C,1578
231,D,1578
174,B,1578
538,A,1579
5,C,1580
231,B,1580
569,A,1581
417,C,1581
29,C,1581
500,C,1582
49,C,1583
603,A,1584
24,C,1585
436,A,1586
424,C,1586
358,B,1587
415,C,1588
204,B,1591
348,A,1592
88,B,1592
560,C,1593
252,C,1593
380,A,1594
224,B,1594
430,A,1594
121,B,1595
129,C,1595
400,C,1596
150,A,1597
550,A,1598
114,B,1598
166,E,1599
334,C,1600
316,B2,1600
604,B,1601
178,B2,1601
557,B,1602
32,D,1603
353,C,1603
234,E,1603
66,D,1603
35,D,1605
384,C,1605
7,C,1606
343,B,1607
225,B,1608
139,B,1608
35,B,1609
150,B,1612
504,A,1612
568,A,1612
144,C,1613
237,C,1614
626,C,1615
495,B,1615
497,A,1616
334,B,1617
342,B,1617
416,C,1618
673,D,1619
435,C,1619
344,C,1620
350,C,1620
417,A,1621
296,C,1621
198,B,1621
2,B,1621
431,C,1622
48,C,1624
297,B,1624
322,B,1625
65,B,1626
525,C,1626
272,C,1627
599,C,1627
454,C,1628
123,A,1628
275,C,1628
634,C,1629
70,B,1630
496,C,1631
518,A,1631
456,C,1631
269,A,1631
204,A,1632
437,C,1633
168,C,1633
649,B,1635
534,C,1636
518,C,1636
670,D2,1637
469,C,1638
236,C,1638
22,D,1638
305,A,1638
538,C,1638
318,C,1639
356,A,1639
287,C,1639
30,B,1640
244,B,1642
578,A,1642
354,A,1642
599,B,1644
165,C,1644
107,B,1644
1,C,1645
295,B,1645
264,B,1645
606,B,1646
305,C,1646
154,A,1647
175,C,1647
474,D,1648
341,A,1648
16,D,1649
331,B1,1650
49,D,1650
32,C,1651
59,C,1651
508,C,1652
590,A,1652
46,D,1652
243,A,1652
10,C,1653
81,C,1653
239,B,1653
658,C,1654
324,B1,1655
25,C,1656
602,C,1657
92,C,1657
260,B,1658
674,A,1658
499,C,1659
189,C,1659
142,A,1660
418,A,1660
253,C,1661
104,C,1661
527,B,1661
51,B,1662
477,A,1662
593,B,1662
606,C,1663
378,C,1665
33,C,1665
604,C,1666
605,A,1666
131,D,1669
573,B,1670
373,B,1670
512,A,1672
500,B,1673
234,D,1674
377,A,1674
19,B,1674
230,C,1674
507,C,1675
163,A,1675
273,B,1676
205,D,1676
405,C,1676
614,A,1676
30,C,1677
415,D,1677
135,B,1677
493,D,1677
94,C,1677
645,C,1677
364,A,1678
486,C,1678
149,B,1679
115,B,1679
4,D,1679
372,A,1680
608,C,1680
627,B,1681
38,E,1681
659,E,1682
84,C,1682
317,A,1682
240,B,1683
369,C,1685
375,A,1685
77,B,1687
406,B,1687
533,C,1687
42,B,1687
584,C,1688
27,C,1688
349,B,1688
246,D,1688
95,A,1689
75,C,1689
6,E,1692
427,C,1692
139,C,1694
232,A,1694
198,A,1695
138,A,1695
219,C,1695
191,B,1696
25,D,1696
344,D,1697
298,C,1698
37,B,1698
151,C,1698
371,C,1698
360,A,1698
288,C,1699
93,A,1699
407,B,1699
498,A,1700
655,C,1700
154,B,1701
287,B,1701
55,C,1702
156,B,1702
246,C,1703
327,C,1704
214,B,1705
347,C,1706
668,A,1706
621,C,1706
33,B,1707
213,A,1707
451,C,1708
80,C,1708
471,C,1709
168,B,1709
192,C,1709
429,B,1710
106,C,1711
297,A,1715
202,B,1716
161,B,1716
260,C,1718
373,C,1719
140,A,1719
177,E1,1719
63,C,1719
649,C,1720
387,C,1720
82,B,1721
67,B,1722
37,C,1722
56,C,1724
430,C,1724
649,D,1725
283,A,1729
205,C,1729
591,C,1730
136,D,1731
412,D,1733
579,C,1734
283,B,1734
9,D,1735
202,C,1735
426,C,1736
65,A,1736
338,A,1737
46,E,1738
625,A,1738
464,A,1738
113,A,1738
216,B,1739
200,D,1739
320,C,1739
281,B,1739
116,D,1740
494,A,1740
466,C,1740
315,C,1742
58,C,1743
29,D,1743
92,D,1744
513,B2,1744
605,B,1745
124,C,1746
276,D,1747
225,C,1747
67,A,1748
355,C,1748
118,D,1748
155,C,1749
269,B,1750
581,D,1750
489,D,1751
275,B,1752
13,B,1752
540,B,1752
81,B,1754
229,A,1754
96,C,1756
298,D,1756
203,D,1756
382,C,1757
66,C,1758
180,E,1759
554,C,1759
176,B,1759
148,C,1759
122,D,1760
178,B3,1760
333,B,1760
201,A,1761
467,C,1762
143,C,1762
164,A,1764
657,A,1765
294,B,1765
490,C,1765
610,C,1767
305,B,1768
476,C,1768
584,D,1770
551,B,1770
569,C,1771
195,C,1771
257,C,1772
5,D,1772
478,C,1772
87,B,1772
174,C,1773
41,E,1773
465,C,1775
157,C,1776
14,E,1777
242,C,1777
583,C,1777
408,C,1778
231,C,1778
247,C,1779
141,C,1779
89,A,1780
289,D,1780
528,B,1781
596,C,1781
114,C,1783
256,A,1784
284,C,1784
670,E,1785
357,C,1785
270,C,1785
193,A,1786
140,D,1786
617,D,1787
223,A,1787
160,C,1788
279,C,1788
161,D,1789
349,C,1790
635,D,1790
442,A,1790
407,A,1790
239,C,1791
381,C,1793
105,B,1793
316,G1,1794
106,D,1794
601,A,1795
199,C,1795
54,B,1795
480,B,1795
123,B,1795
520,C,1796
140,B,1796
254,C,1797
26,C,1797
336,C,1797
274,B,1798
447,C,1798
85,B,1799
567,C,1799
7,D,1802
57,C,1802
445,C,1802
31,D,1802
432,C,1803
617,C,1803
370,C,1803
446,A,1803
538,D,1805
501,C,1805
353,B,1806
73,C,1806
483,B,1806
156,A,1807
363,D,1807
51,C,1807
67,D,1808
69,E,1808
634,B,1808
375,B,1809
280,B,1810
132,C,1812
543,A,1813
513,G1,1814
578,B,1814
533,E,1814
252,B,1816
337,C,1816
626,D,1816
450,C,1817
222,D,1817
568,B,1817
487,A,1818
436,C,1818
229,B,1819
340,C,1819
452,B,1820
226,B,1820
419,B,1822
419,C,1822
101,B,1823
180,A,1823
300,C,1824
177,F1,1825
201,B,1826
53,B,1826
111,B,1827
18,D,1827
631,C,1828
200,C,1828
624,C,1829
43,D,1829
303,B,1830
518,D,1830
385,C,1831
216,C,1832
549,D,1832
256,B,1834
645,D,1834
90,C,1834
285,D,1834
547,B,1835
495,C,1835
131,E,1835
585,B,1836
482,B,1836
536,A,1836
263,D,1836
14,D,1837
215,D,1838
669,D,1838
79,C,1839
371,D,1840
117,B,1840
493,C,1840
330,D,1841
404,C,1842
655,D,1842
574,D,1843
238,B,1844
372,B,1844
140,C,1844
83,B,1844
126,B,1845
438,B,1845
412,E,1845
63,D,1846
105,A,1847
86,A,1847
408,D,1847
376,C,1848
618,C,1848
448,D,1848
552,C,1851
16,E,1851
69,C,1851
586,D,1852
492,D,1853
148,D,1853
199,D,1854
459,C,1854
142,B,1854
265,D,1854
635,C,1855
321,A,1856
319,B,1856
135,C,1857
88,D,1857
336,B,1857
340,D,1858
216,D,1858
219,D,1859
234,G,1860
351,B,1860
13,C,1861
668,B,1861
459,D,1862
294,C,1863
155,D,1863
540,C,1864
552,D,1864
607,B,1864
137,D,1865
546,D,1866
255,C,1867
199,B,1868
112,D,1869
80,D,1869
342,C,1869
178,C2,1870
178,E1,1870
54,C,1870
61,D,1873
343,C,1873
434,A,1874
439,C,1874
233,C,1874
366,C,1874
439,D,1876
173,C,1876
19,C,1876
38,D,1876
592,C,1876
232,B,1876
334,D,1877
667,C,1878
194,C,1878
33,D,1878
271,D,1879
191,C,1879
577,B,1880
187,B,1881
178,C3,1881
223,C,1881
443,D,1882
529,E,1882
331,B2,1883
603,B,1884
251,B,1884
151,D,1885
582,A,1885
234,F,1885
95,C,1885
351,A,1886
178,F1,1887
324,B2,1888
157,D,1888
567,D,1889
449,A,1889
180,D,1889
213,B,1890
497,B,1891
442,B,1892
224,C,1893
653,C,1894
173,B,1894
586,C,1895
208,B,1895
109,B,1897
477,B,1898
480,C,1900
559,B,1901
377,B,1902
420,B,1902
672,C,1902
666,A,1902
519,D,1902
557,C,1903
138,B,1903
118,C,1904
463,C,1905
553,B,1905
169,C,1905
292,E,1906
446,B,1906
257,D,1906
34,E,1907
365,C,1909
388,B,1910
472,D,1910
327,D,1910
361,C,1912
229,C,1913
529,B,1913
580,D,1913
220,B,1913
527,C,1914
127,D,1916
356,B,1917
509,E,1917
109,C,1918
671,A,1918
296,B,1918
560,D,1918
145,B,1918
623,A,1919
121,C,1920
258,B,1921
12,E,1923
325,B,1924
460,C,1924
488,B,1925
512,B,1926
457,A,1926
304,D,1927
490,D,1927
261,B,1928
103,C,1928
367,B,1929
41,D,1930
383,C,1932
322,C,1933
627,A,1933
599,D,1933
474,C,1933
167,B,1933
535,C,1933
479,D,1935
144,D,1936
614,C,1936
58,D,1938
452,D,1938
146,D,1938
463,D,1938
27,E,1938
211,E,1938
128,C,1940
87,C,1942
177,E2,1942
555,B,1944
550,D,1944
321,B,1944
582,B,1944
93,B,1944
453,B,1947
421,C,1948
338,B,1948
341,C,1948
143,D,1949
510,C,1950
471,D,1950
579,D,1950
504,B,1951
461,B,1951
358,C,1951
362,C,1953
195,D,1954
476,D,1954
382,B,1956
434,B,1956
448,C,1956
78,C,1957
82,D,1957
82,C,1957
534,D,1958
73,B,1958
223,B,1959
235,B,1959
214,C,1961
613,A,1962
47,D,1962
264,C,1963
418,B,1963
272,D,1964
367,C,1964
405,D,1965
455,B,1968
156,C,1969
96,D,1970
358,D,1971
94,D,1971
606,D,1971
192,D,1972
279,E,1973
500,D,1974
432,D,1974
28,C,1975
27,D,1975
380,C,1976
509,C,1976
213,C,1978
25,E,1978
420,C,1979
533,B,1979
178,D2,1980
651,D,1980
181,D,1981
376,D,1981
12,D,1983
137,E,1984
558,C,1985
466,B,1985
74,C,1986
186,D,1986
403,B,1986
542,C,1987
228,E,1987
513,C,1987
240,D,1989
84,D,1989
506,A,1990
230,D,1991
430,D,1991
317,B,1992
208,C,1992
222,E,1992
544,C,1993
18,E,1994
289,E,1997
578,C,1997
204,C,1997
61,C,2000
247,D,2000
128,D,2001
104,D,2001
388,C,2002
176,C,2002
629,D,2003
353,D,2004
359,C,2004
102,D,2004
178,E2,2005
95,B,2006
250,D,2006
359,D,2007
419,D,2008
261,C,2009
648,D,2010
451,D,2011
309,C,2013
56,D,2014
633,C,2015
292,C,2015
613,B,2015
352,C,2015
650,B,2016
133,E,2016
270,D,2017
244,C,2017
571,B,2018
81,D,2019
2,C,2019
124,D,2020
296,D,2020
536,B,2021
47,C,2023
148,E,2023
309,A,2024
540,D,2025
255,D,2025
494,B,2026
227,D,2027
193,B,2027
36,D,2027
585,A,2029
629,C,2029
608,D,2031
314,C,2034
521,B,2035
266,C,2035
326,B,2036
133,D,2037
66,E,2040
671,B,2042
314,B,2042
17,D,2042
263,C,2043
126,C,2045
280,A,2046
413,D,2047
221,D,2047
414,C,2047
611,D,2048
234,H,2048
248,C,2050
59,D,2050
75,D,2051
9,E,2051
475,D,2052
468,B,2052
189,D,2052
242,D,2053
320,D,2053
526,C,2054
24,E,2056
487,B,2056
65,C,2057
174,D,2057
251,C,2057
118,E,2057
464,B,2057
111,C,2057
514,D,2058
621,E,2058
583,D,2059
69,D,2059
35,E,2060
126,A,2061
77,C,2061
101,C,2061
604,D,2061
498,C,2061
457,B,2062
601,B,2062
360,B,2063
178,D3,2064
427,E,2064
187,C,2068
110,E,2069
5,E,2070
258,C,2071
545,E,2071
201,C,2073
346,B,2073
63,E,2075
318,D,2077
117,C,2077
668,D,2078
243,B,2079
433,C,2080
229,D,2080
478,D,2081
443,C,2083
292,D,2083
516,B,2084
452,C,2084
196,B,2084
109,D,2085
284,D,2087
237,E,2088
3,D,2088
514,C,2088
488,C,2089
587,B,2089
321,C,2089
127,C,2089
38,F,2089
268,E,2090
340,B,2090
449,B,2090
669,E,2091
295,C,2095
672,D,2096
238,C,2096
400,D,2096
421,D,2098
217,B,2099
666,B,2099
54,D,2099
475,C,2102
132,D,2104
60,C,2104
404,D,2105
51,D,2105
129,E,2105
103,D,2106
42,C,2107
242,E,2107
633,D,2108
322,D,2109
132,B,2110
464,C,2111
36,C,2111
62,C,2111
37,D,2113
326,C,2114
490,E,2115
319,C,2117
590,B,2117
195,E,2118
401,D,2118
576,C,2119
249,A,2119
455,C,2120
226,D,2120
413,E,2120
286,C,2121
603,C,2121
59,E,2122
24,D,2123
68,C,2124
166,B,2124
48,E,2125
163,C,2129
576,B,2130
40,C,2130
368,D,2132
351,E,2132
281,D,2133
237,D,2133
655,E,2133
431,D,2134
110,D,2134
62,D,2134
128,B,2134
65,D,2134
497,C,2134
559,C,2135
542,F,2135
189,E,2135
483,D,2135
70,C,2135
275,D,2136
313,D,2136
457,C,2136
165,E,2137
549,G,2137
165,D,2137
343,D,2138
549,H,2139
479,E,2141
538,E,2144
149,D,2144
220,C,2145
131,F,2145
281,C,2146
225,E,2147
136,E,2148
569,D,2149
269,C,2149
543,B,2150
85,C,2150
168,D,2150
332,C,2151
145,C,2152
308,B,2153
26,D,2154
389,E,2154
571,A,2155
474,F,2156
506,B,2156
372,C,2156
283,C,2156
286,B,2157
447,D,2157
402,D,2157
348,B,2157
553,C,2157
90,D,2158
662,B,2160
354,E,2160
427,D,2160
26,E,2162
333,D,2163
645,E,2163
521,C,2163
357,D,2164
112,E,2164
197,D,2165
138,C,2165
492,E,2166
507,E,2166
505,C,2166
587,C,2166
214,E,2167
548,D,2168
202,D,2168
215,C,2168
91,C,2168
519,E,2168
366,E,2169
459,E,2169
650,C,2169
56,E,2170
115,C,2170
157,E,2170
97,C,2171
256,C,2171
23,C,2171
192,E,2171
379,D,2172
122,E,2173
461,C,2174
364,B,2174
631,D,2175
403,C,2179
43,E,2179
224,D,2180
437,D,2181
230,E,2181
354,C,2182
381,E,2183
61,E,2184
89,B,2186
89,C,2186
31,E,2187
356,C,2187
71,D,2187
435,D,2188
42,D,2188
211,C,2189
113,B,2189
280,C,2191
474,E,2192
181,E,2193
344,E,2194
352,D,2194
139,D,2194
316,C1,2195
222,C,2197
7,E,2198
378,D,2198
634,D,2202
46,F,2204
253,D,2204
557,D,2204
454,D,2205
555,C,2205
657,B,2207
13,D,2207
366,D,2208
85,D,2209
551,C,2211
259,D,2211
164,B,2212
591,D,2212
425,B,2212
406,D,2212
218,D,2212
274,D,2214
510,D,2214
308,A,2216
370,D,2216
592,D,2216
477,C,2217
90,E,2218
127,E,2218
309,B,2218
424,D,2219
456,D,2220
453,C,2221
466,D,2221
486,D,2224
527,D,2224
10,E,2225
194,D,2225
526,D,2226
71,E,2226
228,C,2226
316,G2,2226
105,C,2227
496,D,2227
236,D,2229
129,D,2229
88,E,2229
23,E,2230
590,C,2230
113,C,2231
556,D,2232
191,E,2233
316,D1,2233
28,D,2233
55,E,2234
649,E,2234
538,F,2235
515,D,2236
373,D,2237
371,E,2237
17,C,2237
444,B,2239
627,C,2239
178,E3,2241
86,B,2241
441,D,2241
239,D,2242
406,C,2242
377,C,2242
73,D,2244
489,F,2245
535,D,2245
252,D,2245
516,C,2246
150,C,2246
38,G,2247
338,C,2249
224,E,2249
104,E,2250
501,D,2251
51,E,2251
273,C,2251
610,D,2251
178,F2,2251
659,F,2253
547,C,2254
588,E,2255
308,C,2255
277,B,2255
382,D,2256
425,C,2256
102,E,2258
601,C,2258
529,D,2258
383,D,2259
243,C,2260
618,D,2260
602,D,2261
667,D,2263
216,E,2264
462,D,2265
142,C,2265
315,D,2266
22,E,2267
228,D,2268
429,D,2270
276,E,2270
167,C,2271
337,D,2271
579,E,2273
554,D,2273
213,D,2275
350,E,2276
196,C,2277
425,D,2278
346,C,2279
549,B,2280
585,D,2280
80,E,2282
486,E,2282
282,E,2282
417,D,2284
550,E,2284
465,D,2286
368,E,2287
299,E,2288
260,D,2289
92,E,2290
74,D,2293
340,E,2293
126,D,2293
317,D,2293
316,C2,2295
400,E,2296
450,D,2296
414,D,2299
438,D,2299
540,E,2299
509,D,2299
163,B,2300
389,D,2300
300,E,2300
623,B,2301
402,E,2301
282,D,2301
250,E,2302
508,E,2303
97,B,2305
552,E,2305
73,E,2306
588,D,2306
101,D,2306
546,E,2307
316,D2,2308
262,D,2309
336,D,2309
364,C,2311
77,D,2311
547,A,2311
487,C,2311
87,D,2312
149,E,2312
146,E,2312
23,D,2314
507,D,2315
433,D,2316
249,B,2317
614,D,2321
169,E,2321
653,D,2322
463,E,2323
403,D,2323
418,C,2324
239,E,2324
448,E,2324
658,D,2324
265,E,2325
55,D,2325
553,D,2327
193,C,2329
40,E,2329
202,E,2331
83,D,2335
593,D,2335
29,E,2336
500,E,2338
30,D,2338
369,D,2338
123,C,2340
420,D,2341
469,D,2341
277,E,2343
331,D1,2344
244,D,2344
506,D,2344
674,C,2344
518,E,2345
38,H,2346
211,B,2346
380,B,2347
164,C,2347
590,D,2349
180,B,2350
617,E,2350
305,E,2350
33,E,2350
233,D,2350
357,E,2350
327,E,2351
355,E,2352
416,D,2352
205,E,2352
449,D,2353
116,E,2353
287,E,2353
533,F,2355
621,D,2356
331,C2,2357
387,E,2358
512,C,2358
549,C,2358
208,E,2359
272,E,2360
203,E,2360
584,E,2361
466,E,2363
451,E,2365
160,D,2366
605,C,2366
444,C,2366
253,E,2366
316,E2,2367
83,C,2368
97,A,2368
271,E,2369
68,D,2369
89,D,2370
107,C,2371
670,F,2371
256,E,2375
591,E,2375
123,D,2376
635,E,2378
293,C,2378
144,E,2378
225,D,2378
145,E,2379
93,C,2380
529,C,2381
329,C,2382
417,E,2382
662,D,2382
10,D,2383
154,C,2386
429,C,2387
67,E,2389
342,E,2390
316,D3,2390
572,D,2390
154,D,2391
525,D,2391
456,E,2391
214,D,2392
287,D,2392
369,E,2393
558,E,2393
611,E,2393
604,E,2394
288,D,2395
379,F,2395
94,E,2396
365,D,2396
46,G,2397
231,E,2398
449,C,2399
573,C,2399
111,D,2400
141,D,2403
513,G2,2406
648,E,2406
161,C,2407
114,D,2408
114,E,2408
570,D,2409
586,E,2410
657,C,2411
342,D,2411
439,E,2412
446,C,2413
375,D,2414
525,E,2414
220,E,2415
498,D,2415
78,D,2416
277,C,2416
204,D,2417
320,E,2417
198,C,2417
347,D,2418
577,D,2418
570,E,2419
176,D,2420
178,F3,2422
315,E,2422
121,E,2422
385,D,2422
273,D,2422
572,C,2424
175,D,2425
384,E,2426
313,E,2426
60,D,2426
258,E,2427
107,D,2427
659,G,2428
490,F,2429
577,E,2430
465,E,2430
582,C,2431
360,C,2432
467,D,2433
174,E,2434
215,E,2434
361,D,2435
316,F1,2435
40,D,2435
544,D,2438
219,E,2438
585,C,2438
596,D,2439
84,E,2440
498,B,2441
67,C,2442
513,D1,2442
460,D,2443
526,E,2443
57,D,2443
169,D,2443
254,E,2445
653,E,2446
295,D,2447
316,E3,2447
359,E,2448
668,C,2450
324,C2,2450
499,E,2451
377,D,2452
520,D,2453
520,E,2453
297,C,2453
121,D,2454
211,D,2455
495,D,2455
60,E,2456
86,C,2456
278,D,2459
303,C,2460
430,E,2461
255,E,2461
322,E,2462
332,D,2463
613,C,2464
605,D,2464
468,C,2466
19,D,2466
387,D,2466
601,D,2466
633,E,2467
353,E,2468
444,D,2468
626,E,2469
316,F2,2469
452,E,2470
115,E,2470
442,C,2471
305,D,2472
36,E,2472
329,D,2473
37,E,2473
161,E,2474
514,E,2474
419,E,2475
198,E,2476
326,D,2477
626,F,2480
407,C,2481
629,E,2482
548,C,2483
226,C,2484
415,E,2485
651,E,2486
354,B,2486
177,F2,2486
95,E,2486
78,E,2487
431,E,2489
380,D,2490
367,D,2492
283,D,2492
333,E,2493
358,E,2495
543,D,2496
445,D,2496
314,D,2497
662,A,2497
13,E,2498
673,E,2499
383,B,2500
324,D1,2502
351,C,2503
82,E,2504
496,E,2505
295,E,2505
294,E,2505
221,E,2505
421,E,2506
281,E,2508
556,E,2510
438,C,2512
101,E,2513
93,D,2513
337,E,2514
558,D,2514
341,D,2515
166,D,2517
655,F,2518
19,E,2518
432,E,2518
156,D,2518
194,E,2519
297,D,2520
607,C,2522
379,E,2523
91,D,2523
30,E,2523
381,D,2525
173,D,2527
373,E,2528
426,E,2529
542,A,2529
555,D,2535
505,D,2536
488,D,2536
554,E,2536
91,E,2537
560,E,2537
513,E1,2538
347,E,2539
425,E,2540
362,E,2541
543,C,2542
551,E,2544
135,D,2545
316,F3,2548
348,D,2548
447,E,2548
528,C,2549
279,D,2550
375,C,2550
141,E,2551
346,D,2551
262,E,2552
220,D,2553
348,C,2557
324,C3,2558
378,E,2558
405,E,2559
633,F,2559
509,F,2559
117,D,2560
434,C,2560
152,E,2561
645,F,2561
528,D,2561
332,E,2561
513,D2,2562
416,E,2563
269,D,2563
631,E,2564
571,C,2567
138,D,2568
173,E,2568
581,F,2569
331,C3,2570
666,C,2570
54,E,2571
86,E,2574
317,C,2574
593,E,2576
160,E,2576
382,E,2577
197,E,2578
93,E,2580
618,E,2582
385,E,2582
602,E,2582
240,F,2585
264,D,2585
17,E,2588
650,D,2590
362,D,2591
504,C,2592
370,E,2592
200,A,2593
95,D,2595
249,C,2596
586,F,2597
70,D,2598
534,E,2598
653,F,2599
42,E,2600
480,D,2601
450,E,2602
268,D,2603
142,D,2603
139,E,2607
85,E,2608
611,F,2609
608,E,2612
62,E,2612
457,D,2613
308,D,2613
607,D,2615
551,D,2615
201,E,2615
445,E,2617
557,E,2620
252,E,2620
404,E,2621
258,D,2623
70,E,2623
229,E,2624
515,E,2625
338,E,2626
606,E,2628
634,E,2628
273,E,2629
217,C,2633
201,D,2633
87,E,2635
196,E,2635
259,E,2639
610,E,2640
623,D,2640
542,D,2640
300,D,2641
349,D,2641
624,D,2642
263,E,2644
175,E,2644
150,D,2645
360,D,2646
77,E,2646
296,E,2647
578,D,2647
105,E,2648
426,D,2650
476,E,2650
372,D,2653
81,E,2653
475,E,2655
625,D,2657
499,D,2661
286,D,2661
462,E,2662
284,E,2664
106,E,2664
270,E,2664
294,D,2665
442,D,2665
331,D2,2666
383,E,2667
460,E,2670
333,C,2672
249,E,2673
249,D,2673
274,C,2673
261,D,2673
482,D,2674
293,D,2674
436,E,2677
444,E,2681
97,D,2682
542,E,2682
494,C,2683
309,D,2685
518,F,2685
325,C,2686
384,D,2688
303,D,2689
420,E,2689
627,D,2690
580,E,2691
452,F,2692
605,E,2692
482,C,2693
304,E,2693
477,D,2694
536,C,2695
140,F,2695
321,E,2696
593,C,2697
568,C,2700
498,E,2703
124,E,2706
191,D,2707
529,A,2708
350,D,2710
293,B,2711
504,D,2713
200,E,2714
454,E,2716
487,D,2716
633,G,2717
547,D,2718
567,F,2718
489,E,2718
455,D,2720
187,D,2724
367,E,2725
674,E,2728
508,D,2730
79,D,2733
576,D,2733
464,D,2733
115,D,2735
388,D,2735
143,E,2737
257,E,2739
227,E,2741
472,F,2744
548,E,2745
361,E,2747
123,E,2749
248,E,2750
248,D,2750
260,E,2750
433,E,2750
574,E,2752
152,D,2753
351,D,2754
83,E,2755
246,E,2755
140,E,2757
113,E,2759
500,F,2759
494,D,2759
513,E2,2762
380,E,2766
658,E,2769
293,E,2769
578,E,2771
213,E,2771
513,F1,2774
163,E,2778
365,E,2779
441,E,2781
657,D,2786
86,D,2786
325,E,2787
407,D,2789
567,E,2789
324,D2,2791
132,E,2792
671,C,2792
316,G3,2793
613,D,2795
401,E,2800
251,D,2800
585,E,2806
330,E,2808
559,D,2809
356,D,2811
549,F,2811
113,D,2812
406,E,2813
319,D,2814
583,E,2815
488,E,2816
493,E,2817
461,D,2822
596,E,2823
352,E,2831
349,E,2832
105,D,2832
167,E,2840
555,E,2843
103,E,2844
512,E,2845
472,E,2846
286,E,2848
614,E,2850
256,D,2853
587,E,2857
516,D,2858
547,E,2860
283,E,2865
107,E,2866
326,E,2868
198,D,2869
51,F,2873
288,E,2874
57,E,2879
217,D,2880
261,E,2881
513,F2,2881
512,D,2882
238,E,2882
418,D,2884
674,F,2889
568,D,2891
446,D,2895
235,C,2896
235,E,2896
196,D,2898
338,D,2900
453,D,2901
536,D,2905
521,D,2905
343,E,2906
601,E,2907
472,G,2908
204,E,2909
497,E,2913
497,D,2913
314,E,2914
475,F,2916
623,C,2917
579,F,2921
193,E,2925
429,E,2925
280,D,2927
455,E,2927
321,D,2928
360,E,2930
324,E1,2936
671,D,2940
480,E,2943
436,D,2944
277,D,2944
506,C,2948
348,E,2952
109,E,2955
449,E,2958
599,E,2964
582,E,2964
73,F,2964
526,F,2967
461,E,2967
135,E,2969
533,D,2970
240,E,2971
243,D,2974
163,D,2974
74,E,2975
603,D,2976
79,E,2978
309,E,2978
364,D,2980
624,E,2981
377,E,2988
592,E,2991
193,D,3004
164,D,3005
666,D,3014
308,E,3023
436,F,3026
217,E,3028
559,E,3032
325,D,3033
618,F,3033
297,E,3035
611,G,3039
156,E,3040
167,D,3049
187,E,3050
264,E,3054
573,D,3056
627,E,3060
403,E,3081
650,E,3081
653,G,3085
504,E,3087
626,G,3094
533,A,3098
536,E,3099
145,D,3110
633,H,3114
238,D,3115
538,G,3115
232,D,3126
528,E,3128
434,D,3141
587,F,3150
571,D,3152
341,E,3155
521,E,3165
364,E,3175
372,E,3180
331,D3,3184
538,H,3188
235,D,3192
513,G3,3194
354,D,3198
243,E,3210
603,E,3217
414,E,3217
494,E,3218
453,E,3220
468,D,3228
674,G,3229
487,E,3257
655,G,3298
442,E,3298
662,C,3324
662,E,3324
516,E,3331
611,H,3331
506,E,3333
590,E,3333
666,E,3335
587,D,3346
674,D,3355
582,D,3359
576,E,3368
464,E,3368
568,E,3381
573,E,3386
613,E,3408
623,E,3472
668,E,3525
668,F,3525
645,G,3588
346,E,5000
408,E,5000
388,E,5000
218,E,5000
457,E,5000
324,E2,5000
355,D,5000
68,E,5000
438,E,5000
627,F,5000
329,E,5000
363,E,5000
53,E,5000
407,E,5000
275,E,5000
97,E,5000
266,E,5000
505,E,5000
251,E,5000
483,E,5000
326,F,5000
48,H,5000
75,E,5000
150,E,5000
471,E,5000
543,E,5000
671,E,5000
319,E,5000
128,E,5000
232,C,5000
280,E,5000
285,E,5000
535,E,5000
443,E,5000
138,E,5000
269,E,5000
588,F,5000
667,E,5000
331,E1,5000
274,E,5000
434,E,5000
175,F,5000
469,E,5000
177,G2,5000
467,E,5000
334,E,5000
437,E,5000
336,E,5000
232,E,5000
28,E,5000
236,E,5000
168,E,5000
211,A,5000
468,E,5000
569,E,5000
96,E,5000
324,D3,5000
549,E,5000
572,E,5000
379,G,5000
226,E,5000
199,E,5000
500,G,5000
254,D,5000
477,E,5000
657,E,5000
47,E,5000
117,E,5000
32,E,5000
223,D,5000
266,D,5000
673,F,5000
375,E,5000
356,E,5000
526,G,5000
154,E,5000
457,F,5000
534,F,5000
318,E,5000
142,E,5000
278,E,5000
418,E,5000
151,E,5000
478,E,5000
317,E,5000
544,E,5000
6,D,5000
186,E,5000
446,E,5000
58,E,5000
299,D,5000
376,E,5000
48,G,5000
303,E,5000
247,E,5000
164,E,5000
126,E,5000
482,E,5000
298,E,5000
542,B,5000
571,E,5000
495,E,5000
223,E,5000
177,G1,5000
510,E,5000
331,E2,5000
585,F,5000
89,E,5000
553,E,5000
625,E,5000
635,F,5000
244,E,5000
618,G,5000
155,E,5000
672,E,5000
49,E,5000
65,E,5000
435,E,5000
501,E,5000
581,E,5000
48,F,5000
578,F,5000
233,E,5000
424,E,5000
176,E,5000
607,E,5000
634,F,5000
527,E,5000
111,E,5000
706,A,1143
706,B,1233
706,C,1674
706,D,1839
706,E,2587
704,A,1646
704,B,2561
704,C,2949
704,D,3188
704,E,5000
705,A,655
705,B,1235
705,C,1673
705,D,2775
705,E,5000
700,A,1864
700,B,1877
700,C,2579
700,D,3119
700,E,5000
701,A,883
701,B,1261
701,C,1516
701,D,1968
701,E,2197
701,F,5000
698,A,1217
698,B,1691
698,C,2449
698,D,2878
698,E,2974
698,F,3068
699,A,1194
699,B,1555
699,C,1456
699,D,1803
699,E,5000
699,F,3005
696,A,1646
696,B,1712
696,C,2002
696,D,2460
696,E,3022
696,F,5000
697,A,1125
697,B,1601
697,C,1639
697,D,1939
697,E,2297
697,F,2851
689,A,1520
689,B,1607
689,C,1777
689,D,2173
689,E,2273
687,A,1283
687,B,1959
687,C,1850
687,D,2544
687,E,2859
688,A,883
688,B,1026
688,C,1538
688,D,2038
688,E,2103
685,A,1666
685,B,1879
685,C,2897
685,D,2654
685,E,2844
686,A,818
686,B,1238
686,C,1733
686,D,2137
686,E,5000
682,A,1182
682,B,1301
682,C,1678
682,D,1970
682,E,2587
681,A,836
681,B,1400
681,C,1713
681,D,2085
681,E,2964
679,A,1512
679,B,2232
679,C,2387
679,D,2957
679,E,3309
680,A,995
680,B,1139
680,C,1440
680,D,2345
680,E,2500
677,A,487
677,B,1467
677,C,1552
677,D,2369
677,E,2586
676,A,1004
676,B,1571
676,C,1595
676,D,2001
676,E,2509
675,A,1220
675,B,1473
675,C,2046
675,D,1840
675,E,2385
788,A,1572
788,B,2121
788,C,2285
788,D,3096
788,E,2931
789,A,1231
789,B,1737
789,C,1593
789,D,2360
789,E,2643
786,A,2016
786,B,2311
786,C,2341
786,D,3507
786,E,3155
787,A,1397
787,B,1447
787,C,2160
787,D,2604
787,E,2648
790,A,1707
790,B,1960
790,C,2460
790,D,3151
790,E,3383
791,A,580
791,B,1628
791,C,1616
791,D,2219
791,E,2769
785,A,581
785,B,1225
785,C,1711
785,D,2203
785,E,2276
781,A,1469
781,B,1895
781,C,2005
781,D,2393
781,E,2711
781,F,5000
782,A,924
782,B,1637
782,C,1583
782,D,1985
782,E,2314
782,F,2973
780,A,751
780,B,1477
780,C,1388
780,D,1637
780,E,2024
780,F,2234
780,G,2615
780,H,5000
778,A,1534
778,B,1887
778,C,2457
778,D,2692
778,E,2976
779,A,1120
779,B,1192
779,C,1228
779,D,1652
779,E,2064
779,F,2957
777,A,1130
777,B,1399
777,C,1639
777,D,1729
777,E,2008
776,A,894
776,B,1313
776,C,1874
776,D,2060
776,E,2091
776,F,2752
776,G,2817
768,A,1099
768,B,1704
768,C,1872
768,D,2170
768,E,2047
768,F,2493
768,G,3283
767,A,1259
767,B,2037
767,C,2052
767,D,2026
767,E,2621
765,A,950
765,B,1243
765,C,1333
765,D,1775
765,E,2206
765,F,3074
765,G,3319
766,A,1100
766,B,1215
766,C,1762
766,D,2021
766,E,2254
763,A,1749
763,B,2081
763,C,2713
763,D,2972
763,E,2815
764,A,857
764,B,1087
764,C,1666
764,D,2178
764,E,2661
756,A,1560
756,B,1598
756,C,2244
756,D,2317
756,E,3299
756,F,3477
759,A,1486
759,B,1518
759,C,2123
759,D,2374
759,E,3080
759,F,5000
760,A,932
760,B,1550
760,C,1725
760,D,1858
760,E,2506
760,F,2939
758,A,611
758,B,1288
758,C,1814
758,D,2012
758,E,2822
758,F,2530
755,A,925
755,B,1253
755,C,1367
755,D,2130
755,E,2454
755,F,2620
755,G,3273
757,A,1147
757,B,1527
757,C,2015
757,D,2228
757,E,2445
757,F,2813
757,G,5000
754,A,1407
754,B,1275
754,C,2157
754,D,2070
754,E,5000
750,A,812
750,B,1392
750,C,1714
750,D,1927
750,E,2617
750,F,2838
750,G,3240
750,H,5000
748,A,1124
748,B,1723
748,C,1464
748,D,2147
748,E,2388
748,F,2705
752,A,933
752,B,1670
752,C,1393
752,D,2086
752,E,2168
752,F,2546
749,A,713
749,B,1251
749,C,1637
749,D,1988
749,E,2568
747,A,981
747,B,1071
747,C,1419
747,D,1864
747,E,1736
747,F,2673
746,A,837
746,B,1005
746,C,1678
746,D,1580
746,E,1940
746,F,2459
746,G,2077
744,A,1751
744,B,1874
744,C,2385
744,D,3490
744,E,3263
745,A,986
745,B,1534
745,C,1623
745,D,2121
745,E,2747
743,A,1289
743,B,1251
743,C,1541
743,D,1857
743,E,2288
741,A,1637
741,B,1658
741,C,2620
741,D,2931
741,E,3492
742,A,1066
742,B,1604
742,C,1697
742,D,1824
742,E,2763
735,A,1064
735,B,1259
735,C,1670
735,D,1650
735,E,2991
736,A,1682
736,B,1707
736,C,2485
736,D,2803
736,E,2898
739,A,1576
739,B,1944
739,C,2510
739,D,3556
739,E,3111
740,A,1338
740,B,1256
740,C,1693
740,D,2064
740,E,2696
729,A,1319
729,B,1545
729,C,1872
729,D,1957
729,E,2126
729,F,2821
737,A,1837
737,B,1706
737,C,1924
737,D,2511
737,E,5000
737,F,5000
738,A,1138
738,B,1321
738,C,1816
738,D,1731
738,E,2111
738,F,5000
734,A,660
734,B,931
734,C,1769
734,D,1762
734,E,2158
734,F,2782
733,A,1141
733,B,1200
733,C,2005
733,D,1719
733,E,2469
733,F,2545
725,A,1111
725,B,1261
725,C,1741
725,D,1871
725,E,2705
725,F,2905
725,G,5000
732,A,808
732,B,1151
732,C,1391
732,D,1754
732,E,2110
732,F,2407
731,A,800
731,B,1259
731,C,1654
731,D,2261
731,E,2289
731,F,1994
727,A,1379
727,B,1794
727,C,1641
727,D,1941
727,E,2478
727,F,2679
724,A,1057
724,B,1573
724,C,1853
724,D,1900
724,E,2848
724,F,3051
724,G,2614
723,A,721
723,B,1197
723,C,1668
723,D,1681
723,E,2362
723,F,2273
722,A,1458
722,B,1309
722,C,1655
722,D,1915
722,E,3065
722,F,2772
721,A,810
721,B,1311
721,C,1932
721,D,2059
721,E,2831
719,A,1217
719,B,1461
719,C,1829
719,E,2400
715,A,1587
715,B,2412
715,C,2665
715,D,3188
715,E,5000
716,A,963
716,B,1473
716,C,1650
716,D,2472
716,E,2913
713,A,1531
713,B,2161
713,C,2294
713,D,2741
713,E,3512
714,A,1297
714,B,1343
714,C,1521
714,D,2262
714,E,2407
711,A,823
711,B,1548
711,C,1734
711,D,1930
711,E,2378
708,A,1264
708,B,1977
708,C,2244
708,D,3009
708,E,3232
709,A,997
709,B,1596
709,C,1328
709,D,2067
709,E,2649
707,A,1066
707,B,1408
707,C,1591
707,D,2188
707,E,2489
935,A,590
935,B,964
935,C,1669
935,D,1921
935,E,2410
935,F,5000
939,A,859
939,B,1181
939,C,1595
939,D,1591
939,E,1903
939,F,2570
932,A,824
932,B,1295
932,C,1566
932,D,2188
932,E,2337
932,F,2706
932,G,3085
933,A,1800
933,B,1937
933,C,2717
933,D,2917
933,E,3237
934,A,1504
934,B,1239
934,C,1860
934,D,2070
934,E,2599
922,A,1454
922,B,1308
922,C,1636
922,D,1836
922,E,2290
922,F,2841
919,A,901
919,B,1155
919,C,1411
919,D,1772
919,E,2153
919,F,2707
917,A,1824
917,B,1653
917,C,2907
917,D,2629
917,E,5000
918,A,946
918,B,1038
918,C,1950
918,D,1934
918,E,5000
914,A,1144
914,B,1359
914,C,1996
914,D,1954
914,E,2492
914,F,2987
914,G,2583
914,H,3577
913,A,1021
913,B,1350
913,C,1693
913,D,1829
913,E,2451
913,F,2849
913,G,3119
913,H,5000
912,A,940
912,B,1448
912,C,2554
912,D,2092
912,E,2554
908,A,754
908,B,1359
908,C,1598
908,D,2219
908,E,2485
908,F,2382
908,G,2807
908,H,3159
909,A,1118
909,B,1329
909,C,1847
909,D,2115
909,E,2137
909,F,2649
904,A,1480
904,B,1474
904,C,1651
904,D,2516
904,E,2587
904,F,5000
906,A,1527
906,B,2192
906,C,2387
906,D,2707
906,E,3402
907,A,1439
907,B,1418
907,C,1640
907,D,2473
907,E,2463
907,F,2697
901,A,1620
901,B,2186
901,C,2283
901,D,2749
901,E,5000
902,A,1236
902,B,1317
902,C,1574
902,D,2172
902,E,2633
899,A,955
899,B,1453
899,C,1322
899,D,1816
899,E,2104
899,F,2234
898,A,845
898,B,1379
898,C,1482
898,D,1729
898,E,1695
898,F,2542
900,A,968
900,B,1424
900,C,1772
900,D,2109
900,E,2298
896,A,1670
896,B,1992
896,C,2680
896,D,2909
896,E,3301
897,A,707
897,B,1350
897,C,1797
897,D,2141
897,E,5000
895,A,1361
895,B,1761
895,C,2068
895,D,2353
895,E,2591
894,A,907
894,B,1842
894,C,1923
894,D,2306
894,E,2440
891,A,1774
891,B,2034
891,C,2328
891,D,3149
891,E,2924
892,A,1029
892,B,1357
892,C,1682
892,D,2045
892,E,2552
878,A,1461
878,B,2322
878,C,2700
878,D,2916
878,E,3456
879,A,1118
879,B,1455
879,C,1703
879,D,2537
879,E,2997
877,A,1314
877,B,1579
877,C,1631
877,D,2159
877,E,1998
877,F,2558
875,A,1100
875,B,1501
875,C,2174
875,D,2133
875,E,2610
875,F,2452
876,A,1088
876,B,1336
876,C,1263
876,D,1521
876,E,2204
876,F,2213
870,A,1322
870,B,1593
870,C,1627
870,D,2356
870,E,5000
870,F,5000
871,A,1004
871,B,2074
871,C,2233
871,D,2679
871,E,3078
872,A,1060
872,B,1349
872,C,1391
872,D,2192
872,E,2427
869,A,1360
869,B,1266
869,C,1781
869,D,2984
869,E,2339
868,A,1106
868,B,1590
868,C,1646
868,D,2211
868,E,2718
868,F,2554
868,G,5000
865,A,1799
865,B,1966
865,C,2209
865,D,2270
865,E,5000
865,F,5000
865,G,5000
866,A,1381
866,B,2039
866,C,2427
866,D,2354
866,E,3454
866,F,3454
866,G,3596
867,A,600
867,B,1406
867,C,1916
867,D,2647
867,E,2280
867,F,5000
864,A,1154
864,B,1142
864,C,1522
864,D,1559
864,E,2010
864,F,2765
855,A,781
855,B,1591
855,C,2055
855,D,2504
855,E,2270
855,F,3048
855,G,3310
862,A,1125
862,B,1406
862,C,1953
862,D,2057
862,E,2200
862,F,2980
859,A,809
859,B,1085
859,C,1533
859,D,2130
859,E,2086
859,F,2886
859,G,3041
853,A,1389
853,B,1948
853,C,2068
853,D,2516
853,E,5000
940,A,1301
940,B,1445
940,C,1509
940,D,1645
940,E,1999
940,F,2825
936,A,1676
936,B,2197
936,C,2249
936,D,2991
936,E,3579
937,A,770
937,B,1473
937,C,1715
937,D,2253
937,E,2576
854,A,919
854,B,1249
854,C,1533
854,D,1993
854,E,2429
850,A,1759
850,B,2224
850,C,2224
850,D,2801
850,E,2789
850,F,2937
851,A,913
851,B,1516
851,C,1704
851,D,2219
851,E,2502
848,A,1455
848,B,1943
848,C,2571
848,D,3000
848,E,5000
849,A,1197
849,B,1683
849,C,1579
849,D,2248
849,E,2798
842,A,1401
842,B,1169
842,C,1992
842,D,2086
842,E,2829
843,A,1290
843,B,2127
843,C,2684
843,D,3521
843,E,3124
844,A,1067
844,B,1411
844,C,1457
844,D,2146
844,E,2837
841,A,1007
841,B,1310
841,C,1356
841,D,2144
841,E,2767
839,A,1096
839,B,2040
839,C,1531
839,D,2163
839,E,2612
835,A,652
835,B,1189
835,C,1590
835,D,1956
835,E,2460
835,F,2484
833,A,1900
833,B,2192
833,C,2770
833,D,2927
833,E,5000
834,A,1132
834,B,1241
834,C,1801
834,D,2327
834,E,5000
832,A,894
832,B,1785
832,C,2673
832,D,1960
832,E,2650
830,A,1908
830,B,1597
830,C,2423
830,D,2805
830,E,3458
831,A,1269
831,B,898
831,C,1735
831,D,1978
831,E,2038
831,F,2977
827,A,1878
827,B,1795
827,C,2064
827,D,2742
827,E,2677
827,F,3402
828,A,1417
828,B,1478
828,C,1851
828,D,1843
828,E,2305
828,F,2951
822,A,857
822,B,1278
822,C,1809
822,D,1885
822,E,2718
822,F,2679
815,A,1913
815,B,2203
815,C,2386
815,D,2788
815,E,2965
816,A,1246
816,B,1437
816,C,1767
816,D,2329
816,E,2552
814,A,1121
814,B,1559
814,C,1655
814,D,1989
814,E,2783
812,A,1363
812,B,1653
812,C,1538
812,D,2653
812,E,2269
811,A,952
811,B,1440
811,C,1899
811,D,2039
811,E,2482
809,A,1452
809,B,2323
809,C,2598
809,D,2854
809,E,3537
810,A,1107
810,B,1421
810,C,1576
810,D,2338
810,E,2915
794,A,851
794,B,1271
794,C,1799
794,D,2477
794,E,2741
794,F,2770
794,G,5000
799,A,1230
799,B,1409
799,C,1786
799,D,2126
799,E,2579
799,F,3347
799,G,3642
806,A,1710
806,B,2062
806,C,2206
806,D,2665
806,E,3009
806,F,5000
807,A,992
807,B,1374
807,C,1721
807,D,2175
807,E,2379
807,F,5000
804,A,1223
804,B,1430
804,C,2190
804,D,2457
804,E,2922
804,F,5000
805,A,1136
805,B,1036
805,C,1097
805,D,1454
805,E,2466
805,F,2748
793,A,1051
793,B,1654
793,C,2434
793,D,2096
793,E,2939
793,F,3046
793,G,5000
798,A,1131
798,B,1460
798,C,1720
798,D,2342
798,E,2871
800,A,2076
800,B,1858
800,C,2246
800,D,2718
800,E,3493
801,A,1158
801,B,1002
801,C,1871
801,D,1863
801,E,2635
796,A,958
796,B,1392
796,C,1979
796,D,2067
796,E,2781
796,F,5000
975,A,978
975,B,1191
975,C,1394
975,D,1994
975,E,2834
966,A,1715
966,B,1750
966,C,2111
966,D,2619
966,E,3037
966,F,5000
967,A,1350
967,B,1130
967,C,1717
967,D,1877
967,E,2316
967,F,2803
965,A,912
965,B,1434
965,C,2065
965,D,1913
965,E,2527
963,A,1815
963,B,1966
963,C,2574
963,D,2510
963,E,3233
959,A,573
959,B,1266
959,C,1519
959,D,1964
959,E,1828
959,F,2552
956,A,1412
956,B,1694
956,C,1764
956,D,2419
956,E,2679
956,F,5000
957,A,1384
957,B,1421
957,C,1597
957,D,1864
957,E,2615
955,A,1154
955,B,1423
955,C,2093
955,D,2925
955,E,2925
955,F,2804
947,A,1589
947,B,1471
947,C,1699
947,D,2587
947,E,3474
947,F,5000
948,A,1159
948,B,1750
948,C,1625
948,D,1953
948,E,2709
949,A,1550
949,B,1693
949,C,2002
949,D,2321
949,E,2728
949,F,5000
930,A,1263
930,B,1605
930,C,1899
930,D,2528
930,E,2926
944,A,1306
944,B,1557
944,C,1306
944,D,1684
944,E,1965
944,F,2789
944,G,2789
960,A,1312
960,B,1443
960,C,1725
960,D,2083
960,E,2308
960,F,2033
960,G,2922
960,H,3123
950,A,957
950,B,1176
950,C,1634
950,D,1782
950,E,2171
950,F,2488
980,A,972
980,B,1567
980,C,1696
980,D,2341
980,E,2361
980,F,5000
931,A,695
931,B,1317
931,C,1717
931,D,1555
931,E,2038
931,F,2304
977,A,534
977,B,1014
977,C,1279
977,D,1445
977,E,1601
977,F,1793
964,A,881
964,B,1350
964,C,1902
964,D,2123
964,E,2690
976,A,832
976,B,1349
976,C,1551
976,D,2437
976,E,2067
976,F,5000
962,A,1330
962,B,1352
962,C,1410
962,D,1638
962,E,2125
962,F,2724
962,G,5000
961,A,926
961,B,1244
961,C,1419
961,D,1899
961,E,1884
961,F,2840
961,G,2840
954,A,820
954,B,1456
954,C,1639
954,D,1584
954,E,1897
954,F,2174
954,G,2004
954,H,2526
954,I,2526
946,A,788
946,B,1232
946,C,1357
946,D,1863
946,E,2256
946,F,2670
946,G,2759
938,A,878
938,B,1127
938,C,1732
938,D,1960
938,E,2309
938,F,2793
938,G,5000
920,A,1090
920,B,1301
920,C,1453
920,D,2587
920,E,2024
920,F,2026
920,G,2281
915,A,941
915,B,1380
915,C,1712
915,D,2220
915,E,2225
915,F,2445
915,G,2512
911,A,1094
911,B,1260
911,C,1442
911,D,1748
911,E,1975
911,F,2485
911,G,2536
903,A,1027
903,B,1309
903,C,1268
903,D,2161
903,E,2244
903,F,2683
903,G,5000
893,A,1015
893,B,1151
893,C,1369
893,D,1888
893,E,2055
893,F,2416
840,A,1371
840,B,2038
840,C,2491
840,D,2554
840,E,3212
615,A,656
615,B,1727
615,C,1957
615,D,2028
615,E,2203
458,A,1853
458,B,1963
458,C,2069
458,D,2815
458,E,5000
458,F,5000
339,A,863
339,B,1137
339,C,1780
339,D,1665
339,E,2696
335,A,1582
335,B,1957
335,C,2097
335,D,2617
335,E,5000
335,F,5000
245,A,1217
245,B,1500
245,C,2094
245,D,1735
245,E,1719
245,F,5000
245,G,5000
245,H,5000
241,A,1302
241,B,2649
241,C,1938
241,D,3072
241,E,2541
241,F,2292
241,G,1837
183,A,1819
183,B,1866
183,C,2284
183,D,2784
183,E,2784
108,A,1155
108,B,1543
108,C,1601
108,D,1782
108,E,2662
11,A,972
11,B,1451
11,C,1840
11,D,1885
11,E,2469
8,A,1267
8,B,1329
8,C,1759
8,D,2342
8,E,2258
